{"cameraMode":{"drawMode":0,"name":"Shaded","section":"Shading Mode"},"sceneLighting":true,"audioPlay":false,"sceneViewState":{"showFog":true,"showMaterialUpdate":false,"showSkybox":true,"showFlares":true,"showImageEffects":true,"showParticleSystems":true},"in2DMode":false,"pivot":{"x":8.190242767333985,"y":5.477882385253906,"z":-9.277653694152832},"rotation":{"x":0.042176682502031329,"y":0.6913522481918335,"z":-0.04049074277281761,"w":0.7201484441757202},"size":32.706336975097659,"orthographic":false}