{"cameraMode":{"drawMode":0,"name":"Shaded","section":"Shading Mode"},"sceneLighting":false,"audioPlay":false,"sceneViewState":{"showFog":true,"showMaterialUpdate":false,"showSkybox":true,"showFlares":true,"showImageEffects":true,"showParticleSystems":true},"in2DMode":false,"pivot":{"x":-3.778106927871704,"y":2.1016862392425539,"z":3.4172260761260988},"rotation":{"x":-0.046301331371068957,"y":-0.08828900009393692,"z":0.004108400084078312,"w":-0.9950097799301148},"size":22.071720123291017,"orthographic":false}