{"cameraMode":{"drawMode":0,"name":"Shaded","section":"Shading Mode"},"sceneLighting":false,"audioPlay":false,"sceneViewState":{"showFog":true,"showMaterialUpdate":false,"showSkybox":true,"showFlares":true,"showImageEffects":true,"showParticleSystems":true},"in2DMode":false,"pivot":{"x":-6.808633327484131,"y":35.63646697998047,"z":4.740333080291748},"rotation":{"x":-0.046301331371068957,"y":-0.08828900009393692,"z":0.004108400084078312,"w":-0.9950097799301148},"size":57.167598724365237,"orthographic":false}