{"cameraMode":{"drawMode":0,"name":"Shaded","section":"Shading Mode"},"sceneLighting":false,"audioPlay":false,"sceneViewState":{"showFog":true,"showMaterialUpdate":false,"showSkybox":true,"showFlares":true,"showImageEffects":true,"showParticleSystems":true},"in2DMode":false,"pivot":{"x":379.1439208984375,"y":270.0994567871094,"z":30.725801467895509},"rotation":{"x":-0.046301331371068957,"y":-0.08828900009393692,"z":0.004108400084078312,"w":-0.9950097799301148},"size":715.2778930664063,"orthographic":false}