{"cameraMode":{"drawMode":0,"name":"Shaded","section":"Shading Mode"},"sceneLighting":false,"audioPlay":false,"sceneViewState":{"showFog":true,"showMaterialUpdate":false,"showSkybox":true,"showFlares":true,"showImageEffects":true,"showParticleSystems":true},"in2DMode":false,"pivot":{"x":-5.87999963760376,"y":1.8250000476837159,"z":0.0},"rotation":{"x":-0.046301331371068957,"y":-0.08828900009393692,"z":0.004108400084078312,"w":-0.9950097799301148},"size":7.207025527954102,"orthographic":false}