{"cameraMode":{"drawMode":0,"name":"Shaded","section":"Shading Mode"},"sceneLighting":false,"audioPlay":false,"sceneViewState":{"showFog":true,"showMaterialUpdate":false,"showSkybox":true,"showFlares":true,"showImageEffects":true,"showParticleSystems":true},"in2DMode":false,"pivot":{"x":-6.109118461608887,"y":2.0030503273010256,"z":1.5091350078582764},"rotation":{"x":0.12473518401384354,"y":0.13882756233215333,"z":-0.01762925460934639,"w":0.9822715520858765},"size":30.790321350097658,"orthographic":false}