{"cameraMode":{"drawMode":0,"name":"Shaded","section":"Shading Mode"},"sceneLighting":false,"audioPlay":false,"sceneViewState":{"showFog":true,"showMaterialUpdate":false,"showSkybox":true,"showFlares":true,"showImageEffects":true,"showParticleSystems":true},"in2DMode":false,"pivot":{"x":-3.3589417934417726,"y":2.465764045715332,"z":2.8840365409851076},"rotation":{"x":0.08100512623786926,"y":0.07259808480739594,"z":-0.0059160515666007999,"w":0.9940487146377564},"size":25.102256774902345,"orthographic":false}